iso3,country,avoi_no_visa_2019,avoi_visa_on_arrival_2019,avoi_visa_required_2019,avoi_score_2019,avoi_rank_2019,avoi_no_visa_2023,avoi_visa_on_arrival_2023,avoi_visa_required_2023,avoi_score_2023,avoi_rank_2023,henley_rank_2025,henley_score_2025,passport_index_katz_2019,passport_index_pagerank_2019,passport_index_betweenness_2019,passport_index_closeness_2019,passport_index_katz_2023,passport_index_pagerank_2023,passport_index_betweenness_2023,passport_index_closeness_2023,gdp_ppc_2019,gdp_ppc_2023,region,income_group,log_gdp_ppc_2019,log_gdp_ppc_2023,avoi_no_visa_change,avoi_visa_on_arrival_change,avoi_visa_required_change,avoi_score_change,avoi_rank_change,gdp_ppc_change,log_gdp_ppc_change,passport_index_katz_change,passport_index_pagerank_change,passport_index_betweenness_change,passport_index_closeness_change
AFG,Afghanistan,,,,,,,,,,,105.0,25.0,0.032974904871229505,0.0007537688442211056,0.0,0.0,0.05506571889273634,0.0007537688442211056,0.0,0.0,2927.245144,1992.424394,South Asia,Low income,7.981817035832591,7.597107464649573,,,,,,-934.8207500000001,-0.3847095711830173,0.022090814021506838,0.0,0.0,0.0
AGO,Angola,10.0,7.0,36.0,0.294,34.0,10.0,0.0,43.0,0.189,41.0,89.0,49.0,0.05638055208566909,0.003320900359679879,0.00023450722197231584,0.6073619631901841,0.05541546200826346,0.0009681920094848377,1.0062385864414439e-05,0.35934664246823955,8274.542562,7244.893053,Sub-Saharan Africa,Lower middle income,9.02093891920068,8.888052093155148,0.0,-7.0,7.0,-0.10499999999999998,7.0,-1029.6495090000008,-0.1328868260455316,-0.0009650900774056323,-0.0023527083501950416,-0.0002244448361079014,-0.24801532072194454
ALB,Albania,,,,,,,,,,,44.0,122.0,0.06092993860823394,0.0028198215296041463,0.0004445214642455878,0.6387096774193548,0.05537656855588455,0.0008110367300924886,6.958409866059702e-06,0.3467600700525394,15065.74957,17975.79839,Europe & Central Asia,Upper middle income,9.620179206051818,9.796781598292702,,,,,,2910.04882,0.17660239224088414,-0.005553370052349391,-0.002008784799511658,-0.0004375630543795281,-0.2919496073668154
AND,Andorra,,,,,,,,,,,16.0,171.0,0.06451749979373782,0.0033014103258552346,0.0005962399455800408,0.6534653465346535,0.06544472504550079,0.0012604013673956954,0.0011511070483696281,0.37858508604206503,63215.89979,64631.29639,Europe & Central Asia,High income,11.054311127449965,11.076454036697267,,,,,,1415.3966,0.022142909247302,0.0009272252517629753,-0.002041008958459539,0.0005548671027895873,-0.27488026049258846
ARE,United Arab Emirates,,,,,,,,,,,9.0,183.0,0.05741601682886252,0.002545308898764763,0.016967805262044645,0.6206896551724138,0.057340172874795675,0.0013157855475171686,0.016507886943733556,0.4230769230769231,68887.84541,68577.54057,Middle East & North Africa,High income,11.14023503229614,11.135720363169122,,,,,,-310.30483999999706,-0.004514669127017257,-7.584395406684541e-05,-0.0012295233512475945,-0.0004599183183110894,-0.19761273209549074
ARG,Argentina,,,,,,,,,,,18.0,169.0,0.06189855445097378,0.003169400692037918,0.0012735483514693805,0.6407766990291263,0.05506571889273634,0.0007537688442211056,0.0,0.0,26629.55294,27104.98,Latin America & Caribbean,Upper middle income,10.18977689083379,10.207472753822925,,,,,,475.42705999999816,0.017695862989135946,-0.006832835558237438,-0.0024156318478168125,-0.0012735483514693805,-0.6407766990291263
ARM,Armenia,,,,,,,,,,,74.0,67.0,0.07762068682388693,0.00565836376415606,0.0010579936129515276,0.75,0.06298613328832092,0.0020295095676459824,0.011442119660104475,0.4852941176470588,16215.3608,19230.18993,Europe & Central Asia,Upper middle income,9.693714269496027,9.86423671528912,,,,,,3014.82913,0.17052244579309317,-0.014634553535566003,-0.0036288541965100777,0.010384126047152947,-0.2647058823529412
ATG,Antigua and Barbuda,,,,,,,,,,,26.0,152.0,0.0716687604251307,0.00499489356055547,0.002544103636067231,0.6971830985915493,0.05684899194595548,0.0011601984725589484,0.0019348951187265746,0.3714821763602251,29636.89244,28967.25568,Latin America & Caribbean,High income,10.296775230458772,10.273921356555853,,,,,,-669.6367600000012,-0.022853873902919375,-0.014819768479175224,-0.003834695087996522,-0.0006092085173406562,-0.32570092223132413
AUS,Australia,,,,,,,,,,,7.0,185.0,0.03342769517210927,0.0007701578310558308,0.005053685916935669,0.3844660194174757,0.05534243104797622,0.0007682584311046812,3.3373614220463296e-05,0.005050505050505051,57800.4934,60408.94337,East Asia & Pacific,High income,10.964752590956214,11.008892442001503,,,,,,2608.4499700000015,0.044139851045288836,0.021914735875866946,-1.8993999511495406e-06,-0.005020312302715206,-0.3794155143669707
AUT,Austria,,,,,,,,,,,5.0,187.0,0.06451749979373773,0.003303404879259724,0.0008653215780289071,0.6534653465346535,0.06479515363035647,0.0012195304308967828,0.00028039982703559764,0.3757115749525617,64629.82578,64336.03753,Europe & Central Asia,High income,11.076431282601133,11.071875212480581,,,,,,-293.7882499999978,-0.004556070120552036,0.00027765383661873533,-0.002083874448362941,-0.0005849217509933095,-0.2777537715820918
AZE,Azerbaijan,,,,,,,,,,,71.0,70.0,0.0671146666006533,0.004247159594275939,0.0010023082494524398,0.678082191780822,0.05895486133086131,0.0013531269057829982,0.0041711470835381044,0.4177215189873418,20122.71285,21262.298,Europe & Central Asia,Upper middle income,9.909604448623462,9.964690736365045,,,,,,1139.585149999999,0.05508628774158275,-0.008159805269791987,-0.0028940326884929406,0.0031688388340856645,-0.2603606727934802
BDI,Burundi,6.0,0.0,47.0,0.113,46.0,6.0,47.0,0.0,0.823,12.0,89.0,49.0,0.03555271707905921,0.0013074462203069128,5.3696906623855175e-05,0.5089974293059126,0.12019248780862338,0.02557153247103031,0.007306635592299012,0.9705882352941176,855.7327201,828.8610743,Sub-Saharan Africa,Low income,6.751958084509955,6.720052558824025,0.0,47.0,-47.0,0.71,-34.0,-26.87164580000001,-0.031905525685929526,0.08463977072956416,0.024264086250723398,0.007252938685675157,0.461590805988205
BEL,Belgium,,,,,,,,,,,5.0,187.0,0.06451749979373776,0.003303299079882689,0.0008206179159803779,0.6534653465346535,0.0650811180453538,0.0012452144824745665,0.003809287987419528,0.3815028901734104,60451.99969,62876.23877,Europe & Central Asia,High income,11.009604935561976,11.048923609315313,,,,,,2424.2390800000067,0.03931867375333731,0.0005636182516160354,-0.0020580845974081225,0.00298867007143915,-0.2719624563612431
BEN,Benin,53.0,0.0,0.0,1.0,1.0,53.0,0.0,0.0,1.0,1.0,74.0,67.0,0.05300356524096606,0.005501231672059295,0.001074114612773485,0.5823529411764706,0.05506571889273634,0.0007537688442211056,0.0,0.0,3281.104701,3721.224527,Sub-Saharan Africa,Lower middle income,8.095935443759474,8.221808067026073,0.0,0.0,0.0,0.0,0.0,440.11982599999965,0.12587262326659854,0.0020621536517702807,-0.0047474628278381895,-0.001074114612773485,-0.5823529411764706
BFA,Burkina Faso,16.0,11.0,26.0,0.468,22.0,17.0,11.0,25.0,0.487,23.0,80.0,60.0,0.055575459321449375,0.004142378481811482,0.0013089694959722376,0.6055045871559633,0.07822380522158898,0.008120220532362839,0.004210173264883458,0.6055045871559633,2391.536268,2482.072253,Sub-Saharan Africa,Low income,7.779691228382736,7.816849076138586,1.0,0.0,-1.0,0.01899999999999996,1.0,90.53598499999998,0.03715784775584918,0.022648345900139602,0.003977842050551357,0.002901203768911221,0.0
BGD,Bangladesh,,,,,,,,,,,98.0,38.0,0.09191151141860442,0.009416202303702667,0.0028679465920737955,0.8878923766816144,0.10392315094238555,0.018474237077118653,0.001380375410035809,0.7857142857142857,6838.326116,8242.39799,South Asia,Lower middle income,8.830298260784758,9.017046598769817,,,,,,1404.0718739999993,0.1867483379850583,0.012011639523781134,0.009058034773415985,-0.0014875711820379865,-0.10217809096732866
BGR,Bulgaria,,,,,,,,,,,14.0,177.0,0.06451749979373779,0.0033028625617606655,0.0007371606202495173,0.6534653465346535,0.06479515363035655,0.0012203679866726912,0.00046809327662147415,0.3757115749525617,27673.37623,33111.73321,Europe & Central Asia,High income,10.228226083046126,10.407642976196302,,,,,,5438.356979999997,0.17941689315017584,0.0002776538366187631,-0.0020824945750879745,-0.0002690673436280431,-0.2777537715820918
BHR,Bahrain,,,,,,,,,,,58.0,87.0,0.05554426797350906,0.0024332791886543708,0.0006655384583694715,0.6092307692307692,0.07735544509653185,0.003386886815817195,0.007434599906417419,0.6073619631901841,56749.96284,57213.09136,Middle East & North Africa,High income,10.946410280541672,10.954538021111233,,,,,,463.1285199999984,0.008127740569561226,0.021811177123022787,0.0009536076271628243,0.0067690614480479475,-0.001868806040585147
BHS,Bahamas,,,,,,,,,,,21.0,159.0,0.07459118864934221,0.005426716554722711,0.005125215109173236,0.72,0.05506571889273634,0.0007537688442211056,0.0,0.0,32495.33387,33105.60386,Latin America & Caribbean,High income,10.388851784779437,10.407457847941718,,,,,,610.2699900000043,0.01860606316228086,-0.019525469756605865,-0.004672947710501606,-0.005125215109173236,-0.72
BIH,Bosnia and Herzegovina,,,,,,,,,,,43.0,123.0,0.06702068690857596,0.0035930023098636964,0.0006804490749950642,0.6711864406779661,0.05506571889273634,0.0007537688442211056,0.0,0.0,17014.35997,19829.28226,Europe & Central Asia,Upper middle income,9.741812970594255,9.894915026204236,,,,,,2814.9222899999986,0.15310205560998114,-0.011954968015839618,-0.002839233465642591,-0.0006804490749950642,-0.6711864406779661
BLR,Belarus,,,,,,,,,,,62.0,80.0,0.06379864813109748,0.0034319995667829216,0.0006456694826044608,0.6534653465346535,0.057971136913494425,0.001009964301382168,0.0010151983564770334,0.3639705882352941,26798.82064,27718.32312,Europe & Central Asia,Upper middle income,10.196113159560507,10.22984895796754,,,,,,919.5024799999992,0.033735798407033,-0.005827511217603054,-0.002422035265400754,0.00036952887387257255,-0.2894947582993594
BLZ,Belize,,,,,,,,,,,50.0,102.0,0.07009944702790462,0.004798489985920192,0.0008545717324506725,0.6827586206896552,0.0824579314926881,0.008534372136359901,0.0012461437556060035,0.6305732484076433,11803.088,12455.29607,Latin America & Caribbean,Upper middle income,9.37611647113287,9.429901198589985,,,,,,652.2080700000006,0.05378472745711527,0.012358484464783479,0.0037358821504397087,0.0003915720231553309,-0.05218537228201192
BOL,Bolivia,,,,,,,,,,,63.0,78.0,0.10003918911294239,0.011015587050891982,0.0051568321861627155,1.0,0.10632260057763929,0.02535860123738787,0.010872460220396025,0.792,9985.230488,9843.970142,Latin America & Caribbean,Lower middle income,9.208862329008635,9.194614378389728,,,,,,-141.26034599999912,-0.014247950618907268,0.006283411464696895,0.01434301418649589,0.005715628034233309,-0.20799999999999996
BRA,Brazil,,,,,,,,,,,18.0,169.0,0.06574471509793393,0.0036906563913845537,0.002043359496798071,0.6644295302013423,0.05506571889273634,0.0007537688442211056,0.0,0.0,18018.62092,19018.23907,Latin America & Caribbean,Upper middle income,9.799160997712077,9.853153748742852,,,,,,999.6181499999984,0.0539927510307745,-0.010678996205197591,-0.0029368875471634482,-0.002043359496798071,-0.6644295302013423
BRB,Barbados,,,,,,,,,,,20.0,163.0,0.08021401631174702,0.006832298497663039,0.00984351073210711,0.7644787644787645,0.056743133471633955,0.0008765088901336402,0.0003848219872815892,0.27926657263751764,18572.50954,19224.46212,Latin America & Caribbean,High income,9.829437784688503,9.863938815829004,,,,,,651.952580000001,0.034501031140500515,-0.02347088284011306,-0.005955789607529399,-0.009458688744825522,-0.48521219184124686
BRN,Brunei,,,,,,,,,,,19.0,164.0,0.05365842235831845,0.002684644134610833,0.0015218970631703929,0.5945945945945946,0.05747884741446648,0.0011727387673780023,0.004233345586006861,0.4107883817427386,80228.15966,76828.39983,East Asia & Pacific,High income,11.292629850182234,11.24932964023362,,,,,,-3399.75983000001,-0.0433002099486135,0.003820425056148033,-0.0015119053672328305,0.0027114485228364685,-0.18380621285185605
BWA,Botswana,17.0,0.0,36.0,0.321,31.0,17.0,0.0,36.0,0.321,35.0,59.0,86.0,0.068482218705171,0.004608584252120018,0.0012212365240109248,0.678082191780822,0.05506571889273634,0.0007537688442211056,0.0,0.0,18106.01685,18846.25046,Sub-Saharan Africa,Upper middle income,9.803999584665682,9.844069258501166,0.0,0.0,0.0,0.0,4.0,740.2336099999993,0.04006967383548421,-0.01341649981243466,-0.0038548154078989127,-0.0012212365240109248,-0.678082191780822
CAF,CAR,14.0,0.0,39.0,0.264,37.0,9.0,0.0,44.0,0.17,42.0,86.0,52.0,0.03748366273052013,0.0016054469954253873,0.00017599189186667214,0.5224274406332454,0.055352419757110305,0.000775703123794769,4.118033618511806e-06,0.2986425339366516,1145.095637,1135.136277,Sub-Saharan Africa,Low income,7.04324343826445,7.034507990549346,-5.0,0.0,5.0,-0.094,5.0,-9.959359999999833,-0.008735447715103817,0.017868757026590174,-0.0008297438716306182,-0.00017187385824816032,-0.22378490669659384
CAN,Canada,,,,,,,,,,,8.0,184.0,0.03314906715111756,0.0007588362967712536,0.0,0.336734693877551,0.05506571889273634,0.0007537688442211056,0.0,0.0,57491.98205,56686.91595,North America,High income,10.959400774453721,10.94529870382757,,,,,,-805.0660999999964,-0.01410207062615143,0.021916651741618783,-5.067452550147947e-06,0.0,-0.336734693877551
CHE,Switzerland,,,,,,,,,,,6.0,186.0,0.06451749979373773,0.0033034048792597243,0.0008653215780289071,0.6534653465346535,0.06479515363035647,0.0012197488127332183,0.00019943458992632322,0.3757115749525617,79465.72417,81683.86626,Europe & Central Asia,High income,11.283081065158044,11.310611785949463,,,,,,2218.142089999994,0.027530720791419938,0.00027765383661873533,-0.0020836560665265062,-0.0006658869881025839,-0.2777537715820918
CHL,Chile,,,,,,,,,,,15.0,175.0,0.06375274313938491,0.003262347842196725,0.0013261183358954213,0.6534653465346535,0.05506571889273634,0.0007537688442211056,0.0,0.0,28255.44101,29490.75849,Latin America & Caribbean,High income,10.249041320153072,10.291832221722713,,,,,,1235.3174800000015,0.04279090156964038,-0.008687024246648564,-0.0025085789979756197,-0.0013261183358954213,-0.6534653465346535
CHN,China,,,,,,,,,,,61.0,83.0,0.040274915455262676,0.0015416173388236192,0.0006460827212064115,0.526595744680851,0.056134654347772935,0.0013378306719430328,0.007135766629904026,0.4267241379310345,18465.29895,22137.59983,East Asia & Pacific,Upper middle income,9.823648517244964,10.005032791623552,,,,,,3672.300879999999,0.18138427437858873,0.01585973889251026,-0.00020378666688058641,0.006489683908697614,-0.09987160674981654
CIV,Côte d’Ivoire,21.0,0.0,32.0,0.396,27.0,22.0,0.0,31.0,0.415,27.0,81.0,59.0,0.041530142663875794,0.002772800441939046,0.00034059904675450426,0.532258064516129,0.05506571889273634,0.0007537688442211056,0.0,0.0,5894.878747,6485.315849,Sub-Saharan Africa,Lower middle income,8.681839243972822,8.777295800113475,1.0,0.0,-1.0,0.01899999999999996,0.0,590.4371019999999,0.09545655614065218,0.013535576228860549,-0.0020190315977179404,-0.00034059904675450426,-0.532258064516129
CMR,Cameroon,7.0,0.0,46.0,0.132,44.0,7.0,0.0,46.0,0.132,45.0,90.0,48.0,0.03491736963434901,0.0012259652361002915,6.506255258712148e-05,0.5089974293059126,0.05506571889273634,0.0007537688442211056,0.0,0.0,4882.3556,4870.570765,Sub-Saharan Africa,Lower middle income,8.493383087300684,8.490966409414566,0.0,0.0,0.0,0.0,1.0,-11.784834999999475,-0.0024166778861172133,0.020148349258387335,-0.0004721963918791859,-6.506255258712148e-05,-0.5089974293059126
COD,DRC,4.0,3.0,46.0,0.121,45.0,4.0,3.0,46.0,0.121,47.0,93.0,44.0,0.03595304002937514,0.0013350035364510984,4.2517055733759384e-05,0.5103092783505154,0.05739003125812203,0.0028722681439512874,4.8434851317257714e-05,0.5051020408163265,1296.947573,1455.835623,Sub-Saharan Africa,Low income,7.167768761756981,7.283335326092156,0.0,0.0,0.0,0.0,2.0,158.88805000000002,0.11556656433517531,0.021436991228746892,0.001537264607500189,5.91779558349833e-06,-0.0052072375341889465
COG,Congo Republic,5.0,8.0,40.0,0.215,41.0,5.0,8.0,40.0,0.215,40.0,90.0,48.0,0.0376964652995316,0.001834403949025027,0.0001554881750289995,0.5196850393700787,0.059049747476540564,0.003381944216306874,6.32517587578091e-05,0.5129533678756477,6939.369134,6172.287767,Sub-Saharan Africa,Lower middle income,8.844966146487089,8.727824836991104,0.0,0.0,0.0,0.0,-1.0,-767.0813669999998,-0.11714130949598456,0.021353282177008964,0.0015475402672818469,-9.22364162711904e-05,-0.006731671494430991
COL,Colombia,,,,,,,,,,,39.0,132.0,0.06615794729506691,0.0037175406732804835,0.0012073766896043973,0.6666666666666666,0.05506571889273634,0.0007537688442211056,0.0,0.0,17305.8529,18324.9053,Latin America & Caribbean,Upper middle income,9.758800041188342,9.816016358937953,,,,,,1019.0523999999969,0.05721631774961011,-0.011092228402330567,-0.002963771829059378,-0.0012073766896043973,-0.6666666666666666
COM,Comoros,0.0,53.0,0.0,0.8,14.0,0.0,53.0,0.0,0.8,14.0,87.0,51.0,0.10003918911294257,0.010969024111712699,0.0011738331396675345,1.0,0.12234761442720592,0.026833465074961812,0.006916847729096324,1.0,3516.126685,3498.803271,Sub-Saharan Africa,Lower middle income,8.165115289157104,8.160176266437226,0.0,0.0,0.0,0.0,0.0,-17.323413999999957,-0.004939022719877784,0.022308425314263344,0.015864440963249113,0.00574301458942879,0.0
CPV,Cabo Verde,16.0,36.0,1.0,0.845,8.0,16.0,36.0,1.0,0.845,8.0,74.0,67.0,0.09976831362962427,0.010965065071219913,0.0036968963305418255,0.9949748743718593,0.1083660766563604,0.02571435632928474,0.012532488539152748,0.8181818181818182,9111.629932,9288.40217,Sub-Saharan Africa,Lower middle income,9.117306891045034,9.136521822397246,0.0,0.0,0.0,0.0,0.0,176.77223799999956,0.019214931352211195,0.008597763026736135,0.014749291258064826,0.008835592208610923,-0.17679305619004104
CRI,Costa Rica,,,,,,,,,,,28.0,149.0,0.06581339031851934,0.0037112395966904126,0.0011225817105482577,0.6622073578595318,0.05506571889273634,0.0007537688442211056,0.0,0.0,23374.02952,25989.90981,Latin America & Caribbean,Upper middle income,10.059380835434036,10.165463657448676,,,,,,2615.880290000001,0.10608282201464014,-0.010747671425782993,-0.002957470752469307,-0.0011225817105482577,-0.6622073578595318
CYP,Cyprus,,,,,,,,,,,13.0,178.0,0.0645174997937377,0.003302973739382245,0.0007774252883417179,0.6534653465346535,0.06479515363035654,0.00121996103007332,0.000677289161757934,0.3757115749525617,46157.02344,52148.04297,Europe & Central Asia,High income,10.7398044155673,10.86184193278325,,,,,,5991.019530000005,0.12203751721595069,0.00027765383661883247,-0.002083012709308925,-0.00010013612658378395,-0.2777537715820918
CZE,Czechia,,,,,,,,,,,8.0,184.0,0.06451749979373769,0.003303191973134841,0.0007905843291033819,0.6534653465346535,0.06506911243081794,0.0012373295582647414,0.0011209036349341952,0.376425855513308,47720.49223,47452.34856,Europe & Central Asia,High income,10.773116191120934,10.767481298282128,,,,,,-268.14367000000493,-0.005634892838806138,0.0005516126370802427,-0.0020658624148700996,0.0003303193058308133,-0.2770394910213455
DEU,Germany,,,,,,,,,,,4.0,188.0,0.06451749979373762,0.0033035093950578662,0.0009108043128235301,0.6534653465346535,0.06479515363035648,0.0012193056120055048,1.096854574016731e-05,0.3757115749525617,62913.91794,63097.7108,Europe & Central Asia,High income,11.049522689117936,11.052439768948863,,,,,,183.79286000000138,0.0029170798309277046,0.00027765383661886023,-0.0020842037830523614,-0.0008998357670833627,-0.2777537715820918
DJI,Djibouti,0.0,52.0,1.0,0.785,17.0,0.0,53.0,0.0,0.8,14.0,91.0,47.0,0.10003918911294253,0.01095409937265198,0.0010101520667116454,1.0,0.055342988674236024,0.000772498482177807,4.740457245266952e-05,0.27615062761506276,5784.448008,6400.620163,Middle East & North Africa,Lower middle income,8.662928217270542,8.764150165121967,0.0,1.0,-1.0,0.015000000000000013,-3.0,616.1721549999993,0.10122194785142469,-0.04469620043870651,-0.010181600890474174,-0.0009627474942589759,-0.7238493723849373
DMA,Dominica,,,,,,,,,,,33.0,144.0,0.09969790867335539,0.01100989991654283,0.011505570921892007,0.9949748743718593,0.05657503314549411,0.0011422644604605625,0.0016639614723476675,0.3707865168539326,17318.96289,17420.25125,Latin America & Caribbean,Upper middle income,9.759557300993333,9.765388673379405,,,,,,101.28836000000229,0.005831372386072786,-0.04312287552786128,-0.009867635456082267,-0.009841609449544339,-0.6241883575179267
DNK,Denmark,,,,,,,,,,,3.0,189.0,0.06451749979373764,0.003303404879259724,0.0008661006507750006,0.6534653465346535,0.0647951536303566,0.0012193056120055048,1.096854574016731e-05,0.3757115749525617,66520.07087,71390.00246,Europe & Central Asia,High income,11.105258998700164,11.175913116955114,,,,,,4869.931590000007,0.07065411825495005,0.00027765383661895737,-0.002084099267254219,-0.0008551321050348332,-0.2777537715820918
DOM,Dominican Republic,,,,,,,,,,,67.0,74.0,0.06859736835698739,0.003911225205990158,0.0003545896875586433,0.6827586206896552,0.08770903190714215,0.006834331807603698,0.0057175586310465555,0.678082191780822,21363.86104,23087.93436,Latin America & Caribbean,Upper middle income,9.969456037038583,10.047065437974268,,,,,,1724.0733199999995,0.07760940093568536,0.019111663550154756,0.00292310660161354,0.005362968943487912,-0.004676428908833241
DZA,Algeria,6.0,0.0,47.0,0.113,46.0,6.0,0.0,47.0,0.113,48.0,84.0,56.0,0.03540848849321151,0.001163143353513191,0.00011779931976825962,0.5089974293059126,0.05506571889273634,0.0007537688442211056,0.0,0.0,15199.199,15159.32424,Middle East & North Africa,Upper middle income,9.628998008077392,9.62637108300497,0.0,0.0,0.0,0.0,2.0,-39.874760000000606,-0.002626925072421571,0.019657230399524835,-0.0004093745092920855,-0.00011779931976825962,-0.5089974293059126
ECU,Ecuador,,,,,,,,,,,53.0,94.0,0.09245058411043508,0.009058374037050317,0.005487606732215561,0.8918918918918919,0.05506571889273634,0.0007537688442211056,0.0,0.0,13853.42078,14472.31651,Latin America & Caribbean,Upper middle income,9.53628746884467,9.579992897344543,,,,,,618.8957300000002,0.04370542849987302,-0.03738486521769874,-0.00830460519282921,-0.005487606732215561,-0.8918918918918919
EGY,Egypt,0.0,5.0,48.0,0.075,49.0,0.0,7.0,46.0,0.106,49.0,88.0,50.0,0.07154255299025383,0.004908933161031944,0.0008275679816637149,0.6996466431095406,0.09049342573751766,0.009878707225509058,0.005184277190489469,0.6923076923076923,15026.56824,16691.13324,Middle East & North Africa,Lower middle income,9.617575129331055,9.722632913691747,0.0,2.0,-2.0,0.031,0.0,1664.5649999999987,0.10505778436069235,0.018950872747263828,0.004969774064477114,0.004356709208825754,-0.007338950801848321
ESP,Spain,,,,,,,,,,,4.0,188.0,0.06451749979373776,0.0033035093950578667,0.0009108043128235301,0.6534653465346535,0.06479515363035655,0.0012193056120055048,1.096854574016731e-05,0.3757115749525617,46837.82054,47298.41219,Europe & Central Asia,High income,10.754446286740121,10.764232004994799,,,,,,460.5916500000021,0.009785718254677889,0.00027765383661879084,-0.002084203783052362,-0.0008998357670833627,-0.2777537715820918
EST,Estonia,,,,,,,,,,,9.0,183.0,0.06451749979373773,0.0033030835346326043,0.0008014238191026238,0.6534653465346535,0.06479515363035653,0.0012197488127332185,0.0003250498578393187,0.3757115749525617,42613.99878,41668.83757,Europe & Central Asia,High income,10.659938088136222,10.637508827939083,,,,,,-945.1612099999984,-0.0224292601971392,0.00027765383661879084,-0.002083334721899386,-0.00047637396126330516,-0.2777537715820918
ETH,Ethiopia,2.0,49.0,2.0,0.777,18.0,2.0,48.0,3.0,0.762,19.0,92.0,45.0,0.1000391891129426,0.010936119398547512,0.003189220029924437,1.0,0.09451862904004754,0.01486594023335656,0.01046178124527025,0.7046263345195729,2437.970335,2755.457096,Sub-Saharan Africa,Low income,7.79892114220673,7.921338622888154,0.0,-1.0,1.0,-0.015000000000000013,1.0,317.4867610000001,0.122417480681424,-0.005520560072895059,0.003929820834809047,0.007272561215345813,-0.2953736654804271
FIN,Finland,,,,,,,,,,,4.0,188.0,0.06451749979373769,0.0033035093950578662,0.0009108043128235301,0.6534653465346535,0.06479515363035655,0.0012193056120055048,1.096854574016731e-05,0.3757115749525617,56838.81206,56454.84969,Europe & Central Asia,High income,10.947974682274127,10.941196477136542,,,,,,-383.9623699999938,-0.006778205137585758,0.00027765383661886023,-0.0020842037830523614,-0.0008998357670833627,-0.2777537715820918
FJI,Fiji,,,,,,,,,,,56.0,90.0,0.07048593920670776,0.005051576889846173,0.0013694077944774636,0.6875,0.05506571889273634,0.0007537688442211056,0.0,0.0,13567.47383,13652.49087,East Asia & Pacific,Upper middle income,9.515430577061553,9.521677265284097,,,,,,85.01703999999881,0.006246688222544705,-0.015420220313971417,-0.004297808045625067,-0.0013694077944774636,-0.6875
FRA,France,,,,,,,,,,,4.0,188.0,0.06451749979373768,0.0033032990798826894,0.0008206179159803779,0.6534653465346535,0.065354301519128,0.0018520614678676412,0.11115041006234182,0.5409836065573771,53400.233,53969.03757,Europe & Central Asia,High income,10.885570388234648,10.89616578276886,,,,,,568.8045700000002,0.010595394534211877,0.0008368017253903154,-0.0014512376120150482,0.11032979214636143,-0.1124817399772764
FSM,Micronesia,,,,,,,,,,,43.0,123.0,0.10003918911294264,0.011045939538346681,0.013728159054364567,1.0,0.05506571889273634,0.0007537688442211056,0.0,0.0,3938.557088,3886.696571,East Asia & Pacific,Lower middle income,8.278569713896779,8.265314865289108,,,,,,-51.86051700000007,-0.013254848607671121,-0.0449734702202063,-0.010292170694125575,-0.013728159054364567,-1.0
GAB,Gabon,9.0,0.0,44.0,0.17,42.0,9.0,0.0,44.0,0.17,42.0,81.0,59.0,0.1000391891129426,0.010979254140081269,0.006450493216582387,1.0,0.05535135498618738,0.0007981106049542243,1.4330267665905957e-05,0.3361629881154499,19491.40676,18702.69052,Sub-Saharan Africa,Upper middle income,9.877728968449965,9.836422670568087,0.0,0.0,0.0,0.0,0.0,-788.7162400000016,-0.041306297881877896,-0.04468783412675522,-0.010181143535127044,-0.0064361629489164815,-0.66383701188455
GBR,United Kingdom,,,,,,,,,,,7.0,185.0,0.06277400584284387,0.003350003197078642,0.0011832304844423653,0.6407766990291263,0.05539107254826493,0.000767781626613827,8.619646944520041e-06,0.27385892116182575,52490.7178,52588.97943,Europe & Central Asia,High income,10.868391629138555,10.870261860234221,,,,,,98.26163000000088,0.001870231095665531,-0.007382933294578939,-0.002582221570464815,-0.0011746108374978454,-0.3669177778673005
GEO,Georgia,,,,,,,,,,,44.0,122.0,0.06374076980487975,0.0035092338240982996,0.00664352404689605,0.6556291390728477,0.05506571889273634,0.0007537688442211056,0.0,0.0,18186.88165,22590.52935,Europe & Central Asia,Upper middle income,9.808455824710453,10.02528604212243,,,,,,4403.647700000001,0.21683021741197628,-0.008675050912143406,-0.002755464979877194,-0.00664352404689605,-0.6556291390728477
GHA,Ghana,18.0,34.0,1.0,0.853,5.0,25.0,26.0,2.0,0.864,5.0,75.0,66.0,0.05309904676568216,0.005429737779720488,0.0011304462624286988,0.5823529411764706,0.11453112215273437,0.023490124283800328,0.012307962593773444,0.8959276018099548,6508.246523,6796.473619,Sub-Saharan Africa,Lower middle income,8.780825347615353,8.824159171211086,7.0,-8.0,1.0,0.01100000000000001,0.0,288.22709600000053,0.04333382359573257,0.061432075387052205,0.018060386504079838,0.011177516331344745,0.31357466063348416
GIN,Guinea,22.0,0.0,31.0,0.415,25.0,19.0,0.0,34.0,0.358,32.0,82.0,58.0,0.10003918911294268,0.010969024111712699,0.002723564950025275,1.0,0.06438280326505504,0.007409264589125862,0.000556948372747747,0.5308310991957105,3557.462339,3949.340135,Sub-Saharan Africa,Lower middle income,8.17680274354114,8.281303789509643,-3.0,0.0,3.0,-0.056999999999999995,7.0,391.87779599999976,0.10450104596850274,-0.03565638584788765,-0.0035597595225868367,-0.002166616577277528,-0.4691689008042895
GMB,Gambia,28.0,0.0,25.0,0.528,20.0,53.0,0.0,0.0,1.0,1.0,70.0,71.0,0.08810621502689404,0.00949090507159233,0.0026303140385123608,0.8389830508474576,0.056860879047464334,0.001702831984075666,0.000219961247681458,0.4937655860349127,2750.821322,2932.280595,Sub-Saharan Africa,Low income,7.919654808615292,7.983535759314271,25.0,0.0,-25.0,0.472,-19.0,181.4592730000004,0.06388095069897926,-0.03124533597942971,-0.0077880730875166644,-0.0024103527908309027,-0.3452174648125449
GNB,Guinea Bissau,14.0,39.0,0.0,0.853,5.0,13.0,40.0,0.0,0.849,7.0,85.0,55.0,0.10003918911294232,0.010966245557133006,0.0029736676017891816,1.0,0.12234761442720599,0.026833465074961812,0.01062260703816936,1.0,2379.604168,2578.804534,Sub-Saharan Africa,Low income,7.774689436867099,7.855081211617019,-1.0,1.0,0.0,-0.0040000000000000036,2.0,199.20036600000003,0.08039177474991988,0.022308425314263663,0.015867219517828806,0.007648939436380177,0.0
GNQ,Equatorial Guinea,0.0,0.0,53.0,0.0,54.0,2.0,0.0,51.0,0.038,52.0,84.0,56.0,0.03403859189409697,0.0008281238233087371,6.53799406403123e-05,0.4520547945205479,0.05563010783183341,0.0008021281887919827,6.060243400699316e-05,0.30414746543778803,18446.59166,15688.23842,Sub-Saharan Africa,Upper middle income,9.82263489852793,9.660666565363963,2.0,0.0,-2.0,0.038,-2.0,-2758.3532399999986,-0.16196833316396742,0.021591515937736443,-2.5995634516754362e-05,-4.7775066333191445e-06,-0.1479073290827599
GRC,Greece,,,,,,,,,,,6.0,186.0,0.06451749979373772,0.0033032990798826894,0.0008472268076790306,0.6534653465346535,0.06479515363035646,0.0012195304308967828,1.7404880143579544e-05,0.3757115749525617,33472.54378,36821.27537,Europe & Central Asia,High income,10.418480793110033,10.513831092155684,,,,,,3348.731590000003,0.09535029904565029,0.00027765383661873533,-0.0020837686489859064,-0.0008298219275354511,-0.2777537715820918
GRD,Grenada,,,,,,,,,,,30.0,147.0,0.06777194630447878,0.004823183280321892,0.002371015265284476,0.6711864406779661,0.05657503314549412,0.0011404359780433457,0.0015614854216707014,0.3707865168539326,17047.35493,16946.47316,Latin America & Caribbean,Upper middle income,9.743750334606437,9.737815018002031,,,,,,-100.88176999999996,-0.005935316604405827,-0.011196913158984655,-0.003682747302278547,-0.0008095298436137746,-0.30039992382403347
GTM,Guatemala,,,,,,,,,,,38.0,134.0,0.06152629706733851,0.0030632960541094397,0.0006997510189229825,0.6407766990291263,0.05506571889273634,0.0007537688442211056,0.0,0.0,11470.36422,12389.38587,Latin America & Caribbean,Upper middle income,9.347521963760503,9.424595406808768,,,,,,919.0216500000006,0.07707344304826513,-0.006460578174602168,-0.002309527209888334,-0.0006997510189229825,-0.6407766990291263
GUY,Guyana,,,,,,,,,,,55.0,91.0,0.05247899427903485,0.0027226898189797485,0.00025974438003272996,0.584070796460177,0.05535241975711038,0.000775703123794769,0.00037976646494949207,0.29819277108433734,13402.42151,49315.16031,Latin America & Caribbean,High income,9.503190679314464,10.80598682411788,,,,,,35912.7388,1.3027961448034162,0.0028734254780755294,-0.0019469866951849794,0.00012002208491676211,-0.2858780253758397
HKG,Hong Kong (SAR China),,,,,,,,,,,18.0,169.0,0.08380225539933682,0.007359226874549948,0.008652654647060507,0.792,0.05506571889273634,0.0007537688442211056,0.0,0.0,65388.33007,64467.57568,East Asia & Pacific,High income,11.088099082226469,11.073917673750874,,,,,,-920.7543900000019,-0.014181408475595347,-0.028736536506600477,-0.0066054580303288426,-0.008652654647060507,-0.792
HND,Honduras,,,,,,,,,,,39.0,132.0,0.06117562075287726,0.003016943493747023,0.0007218583281267718,0.6387096774193548,0.05506571889273634,0.0007537688442211056,0.0,0.0,6264.018843,6468.301921,Latin America & Caribbean,Lower middle income,8.742577245807878,8.774668898797415,,,,,,204.2830780000004,0.03209165298953742,-0.006109901860140918,-0.0022631746495259176,-0.0007218583281267718,-0.6387096774193548
HRV,Croatia,,,,,,,,,,,10.0,182.0,0.06451749979373783,0.0033027499754954667,0.0007519423490584539,0.6534653465346535,0.06447278968194678,0.0012046804660191617,6.23213010883569e-05,0.375,35093.74336,41100.25241,Europe & Central Asia,High income,10.465778141713356,10.623769541827999,,,,,,6006.509050000001,0.15799140011464274,-4.4710111791052e-05,-0.002098069509476305,-0.000689621047970097,-0.2784653465346535
HTI,Haiti,,,,,,,,,,,87.0,51.0,0.09810881498616662,0.010622211904326469,0.0012051309958492267,0.9753694581280788,0.05506571889273634,0.0007537688442211056,0.0,0.0,3381.584787,2956.462137,Latin America & Caribbean,Lower middle income,8.126099750484476,7.99174860848177,,,,,,-425.1226499999998,-0.13435114200270615,-0.04304309609343028,-0.009868443060105363,-0.0012051309958492267,-0.9753694581280788
HUN,Hungary,,,,,,,,,,,8.0,184.0,0.06451749979373778,0.003303191973134841,0.0007905843291033819,0.6534653465346535,0.06479515363035657,0.0012197488127332185,0.00018752522792890195,0.3757115749525617,37209.61805,40167.99248,Europe & Central Asia,High income,10.5243225565742,10.600825750500821,,,,,,2958.3744300000035,0.0765031939266212,0.00027765383661879084,-0.0020834431604016225,-0.00060305910117448,-0.2777537715820918
IDN,Indonesia,,,,,,,,,,,68.0,73.0,0.09143699101705109,0.00899738407693135,0.003722555785547004,0.8722466960352423,0.08211300145622139,0.006235171850686694,0.008111843626739354,0.6325878594249201,12757.78509,13889.88288,East Asia & Pacific,Upper middle income,9.453896959543231,9.538916003747397,,,,,,1132.0977899999998,0.0850190442041665,-0.009323989560829707,-0.0027622122262446567,0.00438928784119235,-0.23965883661032217
IND,India,,,,,,,,,,,83.0,57.0,0.03441390589532199,0.001053450856017662,7.278483157008669e-05,0.5051020408163265,0.056766361200786986,0.001580057062062765,0.003799638265484177,0.4925373134328358,7930.09113,9160.063654,South Asia,Lower middle income,8.978419806366142,9.122608406770668,,,,,,1229.9725239999998,0.14418860040452586,0.022352455305464994,0.0005266062060451031,0.00372685343391409,-0.012564727383490681
IRL,Ireland,,,,,,,,,,,4.0,188.0,0.06240438555165657,0.0033058168012396094,0.0013841753253868749,0.6407766990291263,0.06507073110572098,0.0012356045802085752,0.006678382983992413,0.376425855513308,97104.49683,115401.1253,Europe & Central Asia,High income,11.483542964535607,11.65616938430842,,,,,,18296.628469999996,0.17262641977281312,0.002666345554064413,-0.0020702122210310343,0.005294207658605538,-0.2643508435158183
IRN,Iran,,,,,,,,,,,95.0,42.0,0.09661275685203782,0.01025246943821404,0.0013415424763890801,0.9428571428571428,0.05534104748720002,0.0007671168341708543,4.0138864935050144e-06,0.005050505050505051,14040.66465,15912.02992,Middle East & North Africa,Upper middle income,9.549713016202901,9.67483070087392,,,,,,1871.3652700000002,0.1251176846710198,-0.0412717093648378,-0.009485352604043186,-0.001337528589895575,-0.9378066378066378
IRQ,Iraq,,,,,,,,,,,103.0,30.0,0.033680491358118604,0.0008676835291311786,6.25294670113291e-07,0.4370860927152318,0.06933047328173005,0.0020252729745054545,0.00027977089338095644,0.47368421052631576,14910.22503,12711.06167,Middle East & North Africa,Upper middle income,9.609802500200225,9.450227890986149,,,,,,-2199.1633600000005,-0.15957460921407574,0.03564998192361144,0.0011575894453742758,0.0002791455987108431,0.03659811781108396
ISL,Iceland,,,,,,,,,,,11.0,181.0,0.06451749979373775,0.0033030835346326043,0.0008167687341705702,0.6534653465346535,0.0647951536303565,0.0012199610300733198,0.0001758749503587804,0.3757115749525617,65065.90568,66880.06581,Europe & Central Asia,High income,11.083155968732823,11.110656231759295,,,,,,1814.1601299999966,0.027500263026471572,0.0002776538366187492,-0.0020831225045592847,-0.0006408937838117898,-0.2777537715820918
ISR,Israel,,,,,,,,,,,18.0,169.0,0.06623209369565906,0.0038926943344935196,0.0026040970041915582,0.6666666666666666,0.05506571889273634,0.0007537688442211056,0.0,0.0,44350.24729,48356.08991,Middle East & North Africa,High income,10.699873563595911,10.786347447655087,,,,,,4005.842620000003,0.08647388405917589,-0.011166374802922721,-0.003138925490272414,-0.0026040970041915582,-0.6666666666666666
ITA,Italy,,,,,,,,,,,4.0,188.0,0.06451749979373776,0.003303404879259724,0.0008653215780289071,0.6534653465346535,0.06479515363035655,0.0012193056120055048,1.096854574016731e-05,0.3757115749525617,49645.69632,52588.68994,Europe & Central Asia,High income,10.812666985353822,10.870256355453563,,,,,,2942.993619999994,0.05758937009974119,0.00027765383661879084,-0.002084099267254219,-0.0008543530322887398,-0.2777537715820918
JAM,Jamaica,,,,,,,,,,,57.0,88.0,0.07459943059442518,0.005416490960221841,0.0012033102050952426,0.7226277372262774,0.07774011719738418,0.009021761185440819,0.0020959486078982233,0.6055045871559633,10216.06554,10291.31267,Latin America & Caribbean,Upper middle income,9.231716813118577,9.23905538823335,,,,,,75.24712999999974,0.007338575114772539,0.003140686602958992,0.003605270225218978,0.0008926384028029807,-0.11712315007031404
JOR,Jordan,,,,,,,,,,,87.0,51.0,0.07976019027532619,0.006113224734851842,0.003930029249763635,0.7674418604651163,0.0974433543848714,0.011970938595138363,0.008056776491406785,0.7471698113207547,9288.527242,9362.587761,Middle East & North Africa,Lower middle income,9.136535287701141,9.144477001453104,,,,,,74.06051900000057,0.007941713751963064,0.017683164109545207,0.0058577138602865205,0.00412674724164315,-0.020272049144361648
JPN,Japan,,,,,,,,,,,2.0,190.0,0.0554013995126452,0.002517816727770351,0.0010195995726102942,0.6036585365853658,0.05506571889273634,0.0007537688442211056,0.0,0.0,44772.89525,45948.67611,East Asia & Pacific,High income,10.709358218565521,10.735280315834496,,,,,,1175.780859999999,0.025922097268974653,-0.0003356806199088583,-0.0017640478835492454,-0.0010195995726102942,-0.6036585365853658
KAZ,Kazakhstan,,,,,,,,,,,66.0,75.0,0.056451069634085166,0.0027030181475116203,0.00047724166101317713,0.6130030959752322,0.05506571889273634,0.0007537688442211056,0.0,0.0,33298.21237,34703.23493,Europe & Central Asia,Upper middle income,10.413258991944991,10.454588187238125,,,,,,1405.0225599999976,0.041329195293133836,-0.001385350741348823,-0.0019492493032905148,-0.00047724166101317713,-0.6130030959752322
KEN,Kenya,18.0,32.0,3.0,0.823,13.0,21.0,0.0,32.0,0.396,29.0,69.0,72.0,0.09622046681581456,0.010193743564285509,0.005794762220049458,0.9339622641509434,0.05506571889273634,0.0007537688442211056,0.0,0.0,5171.712643,5682.989162,Sub-Saharan Africa,Lower middle income,8.55095917821675,8.645232634203978,3.0,-32.0,29.0,-0.42699999999999994,16.0,511.276519,0.0942734559872278,-0.041154747923078216,-0.009439974720064402,-0.005794762220049458,-0.9339622641509434
KGZ,Kyrgyzstan,,,,,,,,,,,78.0,63.0,0.058132356085354886,0.002774707744583783,0.00029322908035021926,0.6226415094339622,0.060131536299927776,0.0013202580176193942,0.006134049681827566,0.4248927038626609,6087.601938,6403.143088,Europe & Central Asia,Lower middle income,8.714009512712654,8.764544256293943,,,,,,315.54115,0.05053474358128973,0.0019991802145728904,-0.0014544497269643889,0.005840820601477346,-0.1977488055713013
KHM,Cambodia,,,,,,,,,,,86.0,52.0,0.10003918911294259,0.010979254140081269,0.0020675907141938146,1.0,0.12000160927672988,0.02592572717138871,0.009323410059803446,0.9658536585365853,6448.88456,6690.589426,East Asia & Pacific,Lower middle income,8.771662458400481,8.808457254771852,,,,,,241.70486599999913,0.036794796371371064,0.019962420163787298,0.014946473031307443,0.007255819345609631,-0.034146341463414664
KIR,Kiribati,,,,,,,,,,,43.0,123.0,0.05829919369564854,0.003299538654769421,0.000669231440132881,0.6111111111111112,0.05506571889273634,0.0007537688442211056,0.0,0.0,2927.483634,3195.870398,East Asia & Pacific,Lower middle income,7.9818985050207205,8.069614754749797,,,,,,268.38676399999986,0.08771624972907599,-0.003233474802912195,-0.0025457698105483153,-0.000669231440132881,-0.6111111111111112
KNA,St. Kitts and Nevis,,,,,,,,,,,24.0,155.0,0.07411804096972716,0.005573235951556797,0.003435696399294975,0.7148014440433214,0.05685073196145562,0.0011634220201927469,0.0003437940566643126,0.37218045112781956,31496.59311,30409.40411,Latin America & Caribbean,High income,10.35763466372643,10.322507185280474,,,,,,-1087.1890000000021,-0.03512747844595587,-0.017267309008271538,-0.00440981393136405,-0.0030919023426306622,-0.3426209929155018
KOR,South Korea,,,,,,,,,,,3.0,189.0,0.07023494778757007,0.004266704796172431,0.002726267075495397,0.6923076923076923,0.05506571889273634,0.0007537688442211056,0.0,0.0,46368.914,49995.48773,East Asia & Pacific,High income,10.744384556796389,10.819688034937922,,,,,,3626.5737300000037,0.07530347814153338,-0.015169228894833728,-0.003512935951951325,-0.002726267075495397,-0.6923076923076923
KWT,Kuwait,,,,,,,,,,,51.0,98.0,0.05214076386034822,0.0022787498560044714,0.0010433620519011933,0.5892857142857143,0.0739264309270022,0.0033623257975939694,0.00973735764829617,0.584070796460177,51122.33124,46458.20049,Middle East & North Africa,High income,10.841976691298003,10.74630827311625,,,,,,-4664.130749999997,-0.0956684181817522,0.021785667066653976,0.001083575941589498,0.008693995596394978,-0.005214917825537291
LAO,Laos,,,,,,,,,,,90.0,48.0,0.09137612221051898,0.009018267779282373,0.00144132552933709,0.8761061946902655,0.10701284108614409,0.01902409551508986,0.0033621209031460897,0.8181818181818182,8075.275024,8372.155919,East Asia & Pacific,Lower middle income,8.996562206210564,9.032666707257734,,,,,,296.88089500000115,0.03610450104716989,0.015636718875625108,0.010005827735807488,0.0019207953738089997,-0.057924376508447284
LBR,Liberia,14.0,0.0,39.0,0.264,37.0,14.0,0.0,39.0,0.264,39.0,87.0,51.0,0.038498785363860206,0.0022407866013812337,0.0001848894358083038,0.5196850393700787,0.060824215545992086,0.005144552264862433,0.004068236153878717,0.518324607329843,1575.76665,1616.923734,Sub-Saharan Africa,Low income,7.362497194734349,7.388280693344204,0.0,0.0,0.0,0.0,2.0,41.15708399999994,0.025783498609855293,0.02232543018213188,0.0029037656634811997,0.0038833467180704137,-0.0013604320402357262
LBY,Libya,1.0,0.0,52.0,0.019,53.0,1.0,0.0,52.0,0.019,54.0,98.0,38.0,0.03406976548682531,0.0009280517572859019,1.787585235044463e-05,0.46153846153846156,0.05566220464933558,0.0008553784908256073,4.5489705734283495e-06,0.35168738898756663,14333.42244,12478.14346,Middle East & North Africa,Upper middle income,9.570349322732453,9.431733869639423,0.0,0.0,0.0,0.0,1.0,-1855.278980000001,-0.13861545309302947,0.021592439162510267,-7.267326646029457e-05,-1.332688177701628e-05,-0.10985107255089493
LCA,St. Lucia,,,,,,,,,,,31.0,146.0,0.08335560533721019,0.007887819323162943,0.005334429176393744,0.782608695652174,0.07501306035315458,0.013213525124138864,0.0319434526062705,0.577259475218659,22738.01096,23403.46177,Latin America & Caribbean,Upper middle income,10.031793294701426,10.060639229292804,,,,,,665.4508100000021,0.028845934591377187,-0.008342544984055608,0.005325705800975921,0.026609023429876758,-0.205349220433515
LKA,Sri Lanka,,,,,,,,,,,95.0,42.0,0.034624333614003036,0.0009913240063863793,3.580915739232701e-06,0.5051020408163265,0.05567468330738677,0.001423988581034982,2.6900699073169913e-05,0.4987405541561713,14637.44429,13029.52394,South Asia,Lower middle income,9.591338201920934,9.47497313376457,,,,,,-1607.9203500000003,-0.11636506815636416,0.021050349693383735,0.0004326645746486027,2.3319783333937213e-05,-0.00636148666015518
LSO,Lesotho,15.0,0.0,38.0,0.283,35.0,16.0,0.0,37.0,0.302,37.0,65.0,76.0,0.10003918911294243,0.011008253969816993,0.003323726428018153,1.0,0.058895121761951656,0.0018216904324186594,0.00014104731642407612,0.495,2773.286399,2595.829523,Sub-Saharan Africa,Lower middle income,7.9277883215664415,7.861661406561353,1.0,0.0,-1.0,0.019000000000000017,2.0,-177.4568760000002,-0.06612691500508827,-0.04114406735099078,-0.009186563537398334,-0.0031826791115940768,-0.505
LTU,Lithuania,,,,,,,,,,,11.0,181.0,0.06451749979373776,0.003303191973134841,0.0008461274811511534,0.6534653465346535,0.06575520761251404,0.0015477937447779236,0.029261940682934244,0.4230769230769231,43284.52366,46118.09251,Europe & Central Asia,High income,10.67555042885327,10.738960614247539,,,,,,2833.5688500000033,0.06341018539426813,0.0012377078187762736,-0.0017553982283569174,0.028415813201783092,-0.23038842345773042
LUX,Luxembourg,,,,,,,,,,,5.0,187.0,0.06451749979373775,0.0033035093950578662,0.0009108043128235301,0.6534653465346535,0.06479515363035653,0.0012193056120055048,1.6488978030290797e-05,0.3757115749525617,131609.0996,130373.4779,Europe & Central Asia,High income,11.787591441379544,11.778158517450647,,,,,,-1235.6216999999888,-0.009432923928896386,0.00027765383661877696,-0.0020842037830523614,-0.0008943153347932393,-0.2777537715820918
LVA,Latvia,,,,,,,,,,,10.0,182.0,0.06451749979373783,0.003302973739382245,0.0007908682063942214,0.6534653465346535,0.06479515363035654,0.0012195304308967828,1.7404880143579544e-05,0.3757115749525617,35176.55093,38333.17143,Europe & Central Asia,High income,10.468134972837156,10.554070895103141,,,,,,3156.6205000000045,0.08593592226598545,0.00027765383661870757,-0.002083443308485462,-0.0007734633262506418,-0.2777537715820918
MAC,Macao (SAR China),,,,,,,,,,,33.0,144.0,0.09787599821829125,0.010417111674624866,0.01513447678598088,0.9705882352941176,0.09467568215785853,0.020397219174991665,0.027429668253922113,0.6971830985915493,133549.188,104961.6435,East Asia & Pacific,High income,11.802225138399818,11.561350262401362,,,,,,-28587.54449999999,-0.2408748759984558,-0.003200316060432723,0.009980107500366799,0.012295191467941233,-0.2734051367025684
MAR,Morocco,6.0,0.0,47.0,0.113,46.0,8.0,0.0,45.0,0.151,44.0,68.0,73.0,0.05444597214698921,0.0026361198950609487,0.001272549182456609,0.601823708206687,0.05506571889273634,0.0007537688442211056,0.0,0.0,8768.175781,8868.711914,Middle East & North Africa,Lower middle income,9.078884057002348,9.09028484649462,2.0,0.0,-2.0,0.03799999999999999,-2.0,100.53613299999961,0.011400789492272523,0.0006197467457471351,-0.0018823510508398432,-0.001272549182456609,-0.601823708206687
MDA,Moldova,,,,,,,,,,,45.0,121.0,0.06710868895692115,0.0036652267727562667,0.0007212422191424993,0.6711864406779661,0.05534279620277767,0.0007779722489273963,0.00020879535603393065,0.26541554959785524,14621.24014,15855.27374,Europe & Central Asia,Upper middle income,9.590230554603743,9.671257452039425,,,,,,1234.0336000000007,0.0810268974356827,-0.011765892754143484,-0.0028872545238288706,-0.0005124468631085686,-0.40577089108011083
MDG,Madagascar,0.0,53.0,0.0,0.8,14.0,0.0,52.0,1.0,0.785,17.0,81.0,59.0,0.1000391891129424,0.010979254140081269,0.0019676655166896793,1.0,0.12121948905217311,0.02537532553176611,0.005488367813761216,0.99,1713.796122,1643.309348,Sub-Saharan Africa,Low income,7.446466143424662,7.404467382724585,0.0,-1.0,1.0,-0.015000000000000013,3.0,-70.48677399999997,-0.041998760700077575,0.021180299939230707,0.014396071391684842,0.0035207022970715363,-0.010000000000000009
MDV,Maldives,,,,,,,,,,,54.0,93.0,0.1000391891129425,0.01102448223297963,0.012119483711258516,1.0,0.12179288293008157,0.02680977232590901,0.022221992108980362,0.99,21855.50122,22286.98017,South Asia,Upper middle income,9.992207940916844,10.011757938063159,,,,,,431.4789500000006,0.019549997146315334,0.02175369381713907,0.01578529009292938,0.010102508397721846,-0.010000000000000009
MEX,Mexico,,,,,,,,,,,22.0,158.0,0.05477939087365878,0.0023439847950703636,0.00030368897970884826,0.6,0.05506571889273634,0.0007537688442211056,0.0,0.0,21697.92515,21874.01615,Latin America & Caribbean,Upper middle income,9.984971919749752,9.993054734214365,,,,,,176.09100000000035,0.008082814464613008,0.00028632801907756134,-0.0015902159508492581,-0.00030368897970884826,-0.6
MHL,Marshall Islands,,,,,,,,,,,41.0,128.0,0.0644799325136291,0.003849637613567248,0.0031260319887451943,0.6578073089700996,0.07580971995147633,0.0070272400146945725,0.0024362466191404225,0.5963855421686747,6405.075649,6786.695693,East Asia & Pacific,Upper middle income,8.764846025190048,8.82271945895184,,,,,,381.6200439999993,0.05787343376179166,0.011329787437847225,0.0031776024011273244,-0.0006897853696047718,-0.06142176680142497
MKD,North Macedonia,,,,,,,,,,,40.0,129.0,0.06021530638014211,0.0028159845576086516,0.0004561833936154656,0.6325878594249201,0.05506571889273634,0.0007537688442211056,0.0,0.0,21747.27409,23323.90341,Europe & Central Asia,Upper middle income,9.987243699467069,10.057234011105551,,,,,,1576.62932,0.0699903116384828,-0.005149587487405766,-0.002062215713387546,-0.0004561833936154656,-0.6325878594249201
MLI,Mali,20.0,2.0,31.0,0.408,26.0,20.0,2.0,31.0,0.408,28.0,85.0,55.0,0.041563481169261604,0.00283184229552094,0.0004330032262018751,0.532258064516129,0.06193601815510921,0.005702426774251536,0.0005348831680904886,0.5224274406332454,2451.122161,2394.672164,Sub-Saharan Africa,Low income,7.804301223575346,7.7810016169683065,0.0,0.0,0.0,0.0,2.0,-56.44999699999971,-0.02329960660703989,0.02037253698584761,0.002870584478730596,0.00010187994188861347,-0.009830623882883582
MLT,Malta,,,,,,,,,,,8.0,184.0,0.06451749979373776,0.0033032990798826894,0.0008618968828505639,0.6534653465346535,0.0647951536303565,0.00121996103007332,0.0002985448235227246,0.3757115749525617,53256.44298,59548.08294,Middle East & North Africa,High income,10.882874071181952,10.994539381821934,,,,,,6291.63996,0.11166531063998164,0.00027765383661873533,-0.0020833380498093694,-0.0005633520593278393,-0.2777537715820918
MMR,Myanmar,,,,,,,,,,,92.0,45.0,0.06654588657877351,0.0046667037090200175,0.0002809962421268864,0.6757679180887372,0.05563022397047914,0.000821538727525809,1.7332246554881145e-05,0.33962264150943394,6562.988985,5364.13797,East Asia & Pacific,Lower middle income,8.789201416123998,8.587490965547287,,,,,,-1198.8510150000002,-0.20171045057671044,-0.010915662608294373,-0.0038451649814942087,-0.00026366399557200523,-0.3361452765793032
MNE,Montenegro,,,,,,,,,,,41.0,128.0,0.06516717000798518,0.0034864012489178096,0.0007333221370793426,0.6578073089700996,0.05506571889273634,0.0007537688442211056,0.0,0.0,25002.83448,27342.82377,Europe & Central Asia,Upper middle income,10.126744476623402,10.216209388412018,,,,,,2339.9892899999977,0.08946491178861571,-0.010101451115248836,-0.002732632404696704,-0.0007333221370793426,-0.6578073089700996
MNG,Mongolia,,,,,,,,,,,76.0,65.0,0.047643107424349976,0.0020953534136926555,0.00021565711110322963,0.5625,0.056436353647376744,0.0010129789933635848,0.00011377685054984383,0.4074074074074074,15790.69611,16222.86389,East Asia & Pacific,Upper middle income,9.6671761917751,9.694176877434995,,,,,,432.16777999999977,0.02700068565989433,0.008793246223026768,-0.0010823744203290707,-0.0001018802605533858,-0.15509259259259262
MOZ,Mozambique,9.0,44.0,0.0,0.834,10.0,11.0,40.0,2.0,0.811,13.0,78.0,63.0,0.10003918911294252,0.010979254140081269,0.0019156871408956826,1.0,0.11095392074059944,0.023455983768630354,0.004873359983953069,0.8497854077253219,1528.889884,1511.636535,Sub-Saharan Africa,Low income,7.3322971850229965,7.320948140937153,2.0,-4.0,2.0,-0.02299999999999991,3.0,-17.253348999999844,-0.011349044085843474,0.010914731627656923,0.012476729628549085,0.0029576728430573867,-0.15021459227467815
MRT,Mauritania,9.0,44.0,0.0,0.834,10.0,9.0,44.0,0.0,0.834,10.0,82.0,58.0,0.09985403349323137,0.010946365536512377,0.006210713760151336,0.9949748743718593,0.11964199093952767,0.025931939676534718,0.017485599572132027,0.9565217391304348,6162.210451,6258.710913,Sub-Saharan Africa,Lower middle income,8.726190831608141,8.741729518447901,0.0,0.0,0.0,0.0,0.0,96.50046199999997,0.015538686839759563,0.0197879574462963,0.01498557414002234,0.011274885811980691,-0.03845313524142446
MUS,Mauritius,27.0,21.0,5.0,0.826,12.0,27.0,21.0,5.0,0.826,11.0,27.0,150.0,0.09552837356833771,0.009864055694447855,0.010764694369030733,0.9252336448598131,0.0790110039770587,0.012067348529151867,0.006300215862166766,0.6055045871559633,25739.3549,26590.42388,Sub-Saharan Africa,Upper middle income,10.155776418675995,10.188306425441331,0.0,0.0,0.0,0.0,-1.0,851.06898,0.03253000676533624,-0.016517369591279016,0.0022032928347040116,-0.0044644785068639675,-0.31972905770384974
MWI,Malawi,15.0,11.0,27.0,0.449,23.0,15.0,11.0,27.0,0.449,25.0,67.0,74.0,0.10003918911294236,0.011003383861663987,0.002492975104793106,1.0,0.0924722281229467,0.011407329100732284,0.0020313154780434877,0.6996466431095406,1687.289449,1648.436518,Sub-Saharan Africa,Low income,7.430878643999178,7.4075825528227695,0.0,0.0,0.0,0.0,2.0,-38.852931000000126,-0.02329609117640885,-0.007566960989995666,0.00040394523906829745,-0.00046165962674961846,-0.3003533568904594
MYS,Malaysia,,,,,,,,,,,12.0,180.0,0.09235084152216691,0.009360785990784893,0.0169635715198136,0.8839285714285714,0.05506571889273634,0.0007537688442211056,0.0,0.0,31300.50866,32812.29975,East Asia & Pacific,Upper middle income,10.351389627514408,10.398558716458215,,,,,,1511.7910899999988,0.047169088943807225,-0.03728512262943057,-0.008607017146563787,-0.0169635715198136,-0.8839285714285714
NAM,Namibia,13.0,0.0,40.0,0.245,40.0,13.0,26.0,14.0,0.638,21.0,62.0,80.0,0.06628122815352973,0.005936165552301699,0.000994445522565202,0.66,0.06994862310542359,0.008577744227362736,0.016344822197328433,0.5577464788732395,10813.30447,10105.51477,Sub-Saharan Africa,Upper middle income,9.288532550322165,9.220836570648084,0.0,26.0,-26.0,0.393,-19.0,-707.7896999999994,-0.06769597967408103,0.0036673949518938598,0.002641578675061037,0.01535037667476323,-0.10225352112676056
NER,Niger,10.0,1.0,35.0,0.34,29.0,18.0,0.0,35.0,0.34,34.0,83.0,57.0,0.04019096484549789,0.0025400280015752154,0.00018310530849610868,0.526595744680851,0.06082421554599204,0.00514026229261225,0.00040352310006110565,0.518324607329843,1612.637347,1703.396933,Sub-Saharan Africa,Low income,7.38562622147673,7.440379732188746,8.0,-1.0,0.0,0.0,5.0,90.7595859999999,0.05475351071201651,0.020633250700494148,0.0026002342910370346,0.00022041779156499697,-0.00827113735100804
NGA,Nigeria,17.0,1.0,35.0,0.336,30.0,17.0,36.0,0.0,0.864,5.0,93.0,44.0,0.10003918911294234,0.010943735696646521,0.0057266965083644355,1.0,0.07422416108018438,0.013328537446416261,0.0014676024059505043,0.5722543352601156,5628.177652,5593.056614,Sub-Saharan Africa,Lower middle income,8.635540983478807,8.629281217066085,0.0,35.0,-35.0,0.528,-25.0,-35.121038000000226,-0.006259766412721746,-0.025815028032757953,0.00238480174976974,-0.004259094102413931,-0.4277456647398844
NIC,Nicaragua,,,,,,,,,,,42.0,127.0,0.08915072183963045,0.008597793242398956,0.0064280240479853545,0.8461538461538461,0.08234022375350586,0.015466181358687037,0.002184521332703709,0.6149068322981367,6701.194264,7486.942762,Latin America & Caribbean,Lower middle income,8.810041037852915,8.920915817216821,,,,,,785.7484979999999,0.11087477936390577,-0.006810498086124592,0.006868388116288081,-0.004243502715281646,-0.23124701385570945
NLD,Netherlands,,,,,,,,,,,5.0,187.0,0.06451749979373772,0.003303404879259724,0.0008661006507750006,0.6534653465346535,0.06479515363035657,0.0012193056120055048,1.096854574016731e-05,0.3757115749525617,67786.60698,70610.17045,Europe & Central Asia,High income,11.12411991724731,11.164929470471506,,,,,,2823.5634700000082,0.04080955322419655,0.00027765383661884635,-0.002084099267254219,-0.0008551321050348332,-0.2777537715820918
NOR,Norway,,,,,,,,,,,5.0,187.0,0.06451749979373779,0.0033032990798826894,0.0008206179159803779,0.6534653465346535,0.0647951536303565,0.00121996103007332,0.00016995135758486108,0.3757115749525617,87646.52682,90160.1575,Europe & Central Asia,High income,11.381067264008077,11.409342895606542,,,,,,2513.630680000002,0.028275631598464912,0.00027765383661870757,-0.0020833380498093694,-0.0006506665583955167,-0.2777537715820918
NPL,Nepal,,,,,,,,,,,100.0,36.0,0.09623827097332585,0.009879825573075091,0.0026072787121481696,0.9428571428571428,0.11759113205712254,0.02308814779870282,0.009450153095249228,0.9428571428571428,4607.524547,4859.800104,South Asia,Lower middle income,8.4354460171478,8.488752585184445,,,,,,252.27555699999994,0.053306568036644464,0.021352861083796693,0.013208322225627728,0.006842874383101058,0.0
NRU,Nauru,,,,,,,,,,,58.0,87.0,0.03806765177731829,0.0013364079434287413,7.250020974323656e-05,0.518324607329843,0.06003441764615219,0.003216166607891331,0.0006387699340950833,0.4852941176470588,11273.14078,12462.84129,East Asia & Pacific,High income,9.330178253212805,9.43050679925119,,,,,,1189.7005100000006,0.10032854603838537,0.0219667658688339,0.0018797586644625896,0.0005662697243518467,-0.03303048968278416
NZL,New Zealand,,,,,,,,,,,6.0,186.0,0.033142043347090026,0.0007578098659450341,5.341058640551027e-07,0.27808988764044945,0.05534243104797622,0.0007670957761892489,0.0,0.005050505050505051,47283.42971,48580.19627,East Asia & Pacific,High income,10.763915189846683,10.790971242687977,,,,,,1296.7665600000037,0.027056052841293976,0.02220038770088619,9.28591024421479e-06,-5.341058640551027e-07,-0.2730393825899444
OMN,Oman,,,,,,,,,,,60.0,85.0,0.05998952758787781,0.0031977190262432596,0.0011183878433030342,0.6305732484076433,0.0790432374767246,0.003881162129647174,0.01354183555304477,0.616822429906542,38292.38597,38311.41834,Middle East & North Africa,High income,10.553006355666547,10.553503259718847,,,,,,19.032369999993534,0.0004969040522997403,0.019053709888846797,0.0006834431034039145,0.012423447709741737,-0.01375081850110127
PAK,Pakistan,,,,,,,,,,,102.0,32.0,0.05034796571030551,0.0029607340253650426,5.8700136560763495e-05,0.5722543352601156,0.05541782921411729,0.000956432541278823,1.573416983445198e-05,0.3613138686131387,5295.952951,5439.18762,South Asia,Lower middle income,8.57469821370276,8.60138499413965,,,,,,143.23466899999949,0.02668678043688999,0.005069863503811778,-0.0020043014840862195,-4.2965966726311516e-05,-0.2109404666469769
PAN,Panama,,,,,,,,,,,29.0,148.0,0.07405123699423163,0.005117609927032007,0.0025903077674962155,0.717391304347826,0.05506571889273634,0.0007537688442211056,0.0,0.0,33163.72691,35863.88015,Latin America & Caribbean,High income,10.409211994670786,10.48748594403848,,,,,,2700.1532399999996,0.07827394936769494,-0.01898551810149529,-0.004363841082810902,-0.0025903077674962155,-0.717391304347826
PER,Peru,,,,,,,,,,,34.0,142.0,0.0663424540493015,0.0037503051900347473,0.0011619714870915562,0.6666666666666666,0.05506571889273634,0.0007537688442211056,0.0,0.0,15466.29515,15294.25678,Latin America & Caribbean,Upper middle income,9.646418428783603,9.635232663053916,,,,,,-172.0383700000002,-0.011185765729686992,-0.01127673515656516,-0.0029965363458136418,-0.0011619714870915562,-0.6666666666666666
PHL,Philippines,,,,,,,,,,,76.0,65.0,0.08822522487673916,0.008827128835602018,0.003082354708172544,0.8354430379746836,0.05506571889273634,0.0007537688442211056,0.0,0.0,9452.293971,9901.056524,East Asia & Pacific,Lower middle income,9.154012739283166,9.20039675002451,,,,,,448.7625530000005,0.04638401074134357,-0.033159505984002816,-0.008073359991380912,-0.003082354708172544,-0.8354430379746836
PLW,Palau,,,,,,,,,,,43.0,123.0,0.09925084384927403,0.010802444681167304,0.013362677801732127,0.99,0.11135798949941522,0.025449349670880684,0.010962419244639655,0.853448275862069,19312.79118,15796.54027,East Asia & Pacific,High income,9.868522910807993,9.667546224784408,,,,,,-3516.2509100000007,-0.20097668602358532,0.01210714565014119,0.01464690498971338,-0.0024002585570924717,-0.13655172413793104
PNG,Papua New Guinea,,,,,,,,,,,59.0,86.0,0.05671935015392237,0.0027442658180415968,0.00023082584218409618,0.6092307692307692,0.05506571889273634,0.0007537688442211056,0.0,0.0,4301.611392,4174.44164,East Asia & Pacific,Lower middle income,8.366744973808867,8.336735889418954,,,,,,-127.16975199999979,-0.030009084389913454,-0.0016536312611860268,-0.0019904969738204913,-0.00023082584218409618,-0.6092307692307692
POL,Poland,,,,,,,,,,,8.0,184.0,0.06451749979373773,0.003303191973134841,0.0007905843291033819,0.6534653465346535,0.06479515363035654,0.0012197488127332185,0.00018752522792890195,0.3757115749525617,38147.14935,43585.11942,Europe & Central Asia,High income,10.549206311771353,10.682471073375385,,,,,,5437.970070000003,0.1332647616040319,0.0002776538366188047,-0.0020834431604016225,-0.00060305910117448,-0.2777537715820918
PRT,Portugal,,,,,,,,,,,5.0,187.0,0.06451749979373779,0.003303404879259724,0.0008661006507750006,0.6534653465346535,0.06479515363035651,0.0012193056120055048,1.096854574016731e-05,0.3757115749525617,40152.03293,41498.36696,Europe & Central Asia,High income,10.600428351467926,10.633409355083097,,,,,,1346.3340299999982,0.032981003615171645,0.00027765383661872145,-0.002084099267254219,-0.0008551321050348332,-0.2777537715820918
PRY,Paraguay,,,,,,,,,,,32.0,145.0,0.0544756648889308,0.0023256076396774923,0.0004944351246729384,0.601823708206687,0.05589140500974759,0.0009635593645434721,6.703404484002393e-05,0.4008097165991903,15321.32455,15783.11501,Latin America & Caribbean,Upper middle income,9.637000898434513,9.666695977326684,,,,,,461.79046000000017,0.029695078892171267,0.0014157401208167927,-0.0013620482751340202,-0.00042740107983291447,-0.20101399160749667
PSE,Palestinian Territory,,,,,,,,,,,99.0,37.0,0.08569358187232666,0.00722780573414773,0.0003059556641734223,0.825,0.10656071257298064,0.016287657567580913,0.0014257935140797027,0.825,6269.891345,5313.097903,Middle East & North Africa,Lower middle income,8.743514304130718,8.577930353346854,,,,,,-956.7934420000001,-0.1655839507838639,0.020867130700653977,0.009059851833433184,0.0011198378499062804,0.0
QAT,Qatar,,,,,,,,,,,48.0,111.0,0.10003918911294249,0.011033089756913734,0.013403732651299176,1.0,0.0860939859255101,0.005946842621339097,0.01852596581195814,0.6644295302013423,113160.9738,116159.1426,Middle East & North Africa,High income,11.636566630892792,11.662716448833034,,,,,,2998.1687999999995,0.02614981794024196,-0.013945203187432392,-0.005086247135574637,0.005122233160658966,-0.3355704697986577
ROU,Romania,,,,,,,,,,,13.0,178.0,0.06451749979373773,0.003302973739382245,0.0007826433550441399,0.6534653465346535,0.06479515363035651,0.0012201673403021435,0.0004666328187871057,0.3757115749525617,36602.28036,40267.30659,Europe & Central Asia,High income,10.50786582236662,10.603295167824225,,,,,,3665.026230000003,0.09542934545760495,0.00027765383661877696,-0.0020828063990801014,-0.0003160105362570342,-0.2777537715820918
RUS,Russian Federation,,,,,,,,,,,47.0,114.0,0.053218788113047394,0.003225661710516725,0.0016832658969901508,0.5823529411764706,0.05536637657423591,0.0007841041119733412,9.44763696143755e-05,0.2986425339366516,37698.95313,39753.45703,Europe & Central Asia,High income,10.537387604615539,10.590452085609042,,,,,,2054.503899999996,0.05306448099350369,0.002147588461188517,-0.002441557598543384,-0.0015887895273757752,-0.28371040723981905
RWA,Rwanda,17.0,36.0,0.0,0.864,4.0,53.0,0.0,0.0,1.0,1.0,77.0,64.0,0.10003918911294259,0.010988259926557498,0.0073667005603897774,1.0,0.11334088664706682,0.022015649484632346,0.009925996446165259,0.8878923766816144,2665.18684,3060.028931,Sub-Saharan Africa,Low income,7.888029442960447,8.026179649476896,36.0,-36.0,0.0,0.136,-3.0,394.842091,0.13815020651644883,0.013301697534124232,0.011027389558074849,0.0025592958857754812,-0.11210762331838564
SAU,Saudi Arabia,,,,,,,,,,,59.0,86.0,0.05042099875291642,0.0018587759708185085,0.00037145189772594677,0.5806451612903226,0.07764748144010855,0.0038297074081235115,0.018482250458708625,0.6092307692307692,56365.50855,55055.39968,Middle East & North Africa,High income,10.939612699880936,10.916095224170782,,,,,,-1310.1088699999964,-0.023517475710153946,0.027226482687192133,0.001970931437305003,0.018110798560982678,0.028585607940446622
SDN,Sudan,0.0,2.0,51.0,0.03,52.0,0.0,2.0,51.0,0.03,53.0,96.0,40.0,0.03571018042529937,0.001147146555488842,0.00010554154034709943,0.5103092783505154,0.056583558763820894,0.000933189811250057,0.00015809000851418033,0.3844660194174757,3625.523193,2469.19458,Sub-Saharan Africa,Low income,8.19575388597778,7.811647295474403,0.0,0.0,0.0,0.0,1.0,-1156.3286130000001,-0.3841065905033769,0.02087337833852152,-0.00021395674423878492,5.2548468167080894e-05,-0.12584325893303971
SEN,Senegal,22.0,31.0,0.0,0.883,3.0,24.0,23.0,6.0,0.8,14.0,82.0,58.0,0.09860315245342464,0.010777623689148981,0.005356131072383766,0.9801980198019802,0.08075906701269661,0.011121548214867886,0.0034136805885208576,0.616822429906542,4070.612271,4317.226392,Sub-Saharan Africa,Lower middle income,8.311548702257545,8.370368436154038,2.0,-8.0,6.0,-0.08299999999999996,11.0,246.6141209999996,0.05881973389649353,-0.017844085440728033,0.00034392452571890483,-0.0019424504838629082,-0.36337558989543817
SGP,Singapore,,,,,,,,,,,1.0,193.0,0.08953245487355886,0.009041347088600991,0.015067220367013847,0.8461538461538461,0.05545395629993696,0.0008372605045437959,0.005416226343296742,0.3793103448275862,119572.2771,127543.5548,East Asia & Pacific,High income,11.69167629680689,11.756213191520988,,,,,,7971.2776999999915,0.06453689471409874,-0.0340784985736219,-0.008204086584057194,-0.009650994023717104,-0.46684350132625996
SLB,Solomon Islands,,,,,,,,,,,38.0,134.0,0.058300837085807904,0.002831586832908063,0.000609380075892177,0.61875,0.06971713251855831,0.005322565348979367,0.0006935678022145772,0.5641025641025641,2661.599734,2534.027563,East Asia & Pacific,Lower middle income,7.886682624764376,7.837565238091067,,,,,,-127.5721709999998,-0.04911738667330834,0.011416295432750405,0.0024909785160713038,8.418772632240023e-05,-0.054647435897435925
SLE,Sierra Leone,15.0,2.0,36.0,0.313,33.0,13.0,17.0,23.0,0.502,22.0,76.0,65.0,0.07625977036512344,0.007038550490948569,0.0017111052188611097,0.7306273062730627,0.09763370846030742,0.016220776871271648,0.006008937539867837,0.7306273062730627,2851.979233,3034.218943,Sub-Saharan Africa,Low income,7.9557684999508735,8.017709320455799,-2.0,15.0,-13.0,0.189,-11.0,182.23970999999983,0.06194082050492522,0.02137393809518398,0.009182226380323079,0.004297832321006727,0.0
SLV,El Salvador,,,,,,,,,,,37.0,135.0,0.061364869272412734,0.0030517983887529813,0.00084547898243397,0.6407766990291263,0.05506571889273634,0.0007537688442211056,0.0,0.0,10543.93833,11404.33423,Latin America & Caribbean,Upper middle income,9.263306407901208,9.341748757740584,,,,,,860.3958999999995,0.07844234983937604,-0.006299150379676391,-0.002298029544531876,-0.00084547898243397,-0.6407766990291263
SOM,Somalia,0.0,53.0,0.0,0.8,14.0,0.0,52.0,1.0,0.785,17.0,101.0,33.0,0.1000391891129424,0.010898196337403123,0.0006350947058175133,1.0,0.12207190383410084,0.026545765560143115,0.00224316562824908,0.9949748743718593,1491.107606,1402.469921,Sub-Saharan Africa,Low income,7.30727448251605,7.245990190464551,0.0,-1.0,1.0,-0.015000000000000013,3.0,-88.63768499999992,-0.0612842920514991,0.022032714721158433,0.015647569222739993,0.0016080709224315667,-0.005025125628140725
SRB,Serbia,,,,,,,,,,,36.0,138.0,0.06436372809675717,0.003658636705483966,0.0020731770654265794,0.6578073089700996,0.05534104748720002,0.0007758620689655173,9.986307592519911e-05,0.005050505050505051,21521.70175,25718.42998,Europe & Central Asia,Upper middle income,9.976817088751483,10.154963133720097,,,,,,4196.728230000001,0.17814604496861364,-0.009022680609557146,-0.0028827746365184485,-0.00197331398950138,-0.6527568039195946
STP,São Tomé and Príncipe,8.0,0.0,45.0,0.151,43.0,7.0,0.0,46.0,0.132,45.0,79.0,61.0,0.051479272421123816,0.002587412084437338,0.00025361794652841314,0.5823529411764706,0.058489713390076435,0.0035592000207316267,0.000220028373099229,0.5103092783505154,5702.083471,5541.301676,Sub-Saharan Africa,Lower middle income,8.648586908264102,8.61998471170944,-1.0,0.0,1.0,-0.01899999999999999,2.0,-160.78179499999987,-0.028602196554661674,0.007010440968952619,0.0009717879362942886,-3.358957342918415e-05,-0.0720436628259552
SUR,Suriname,,,,,,,,,,,64.0,77.0,0.09895524140310188,0.01075144774814348,0.004035911173041332,0.9850746268656716,0.05506571889273634,0.0007537688442211056,0.0,0.0,22966.7406,19043.70529,Latin America & Caribbean,Upper middle income,10.041802387486658,9.854491894979375,,,,,,-3923.0353099999993,-0.18731049250728304,-0.04388952251036554,-0.009997678903922374,-0.004035911173041332,-0.9850746268656716
SVK,Slovakia,,,,,,,,,,,10.0,182.0,0.06451749979373772,0.003303191973134841,0.0008202976621985939,0.6534653465346535,0.06479515363035648,0.00121996103007332,0.00026443647235283686,0.3757115749525617,37160.5732,39171.78262,Europe & Central Asia,High income,10.523003617997182,10.575711935453286,,,,,,2011.2094199999992,0.052708317456104936,0.0002776538366187631,-0.002083230943061521,-0.0005558611898457571,-0.2777537715820918
SVN,Slovenia,,,,,,,,,,,10.0,182.0,0.06451749979373773,0.0033030835346326043,0.0008014238191026238,0.6534653465346535,0.06479515363035651,0.0012197488127332185,9.431612456751431e-05,0.3757115749525617,44540.58516,47825.23008,Europe & Central Asia,High income,10.704156078578672,10.775308605169856,,,,,,3284.644919999999,0.07115252659118454,0.00027765383661877696,-0.002083334721899386,-0.0007071076945351096,-0.2777537715820918
SWE,Sweden,,,,,,,,,,,5.0,187.0,0.06451749979373776,0.0033032990798826894,0.0008206179159803779,0.6534653465346535,0.06479515363035651,0.0012193056120055048,1.096854574016731e-05,0.3757115749525617,61177.20125,62665.21726,Europe & Central Asia,High income,11.02152987049963,11.045561824046715,,,,,,1488.0160099999994,0.024031953547083873,0.0002776538366187492,-0.0020839934678771846,-0.0008096493702402105,-0.2777537715820918
SWZ,Eswatini,17.0,0.0,36.0,0.321,31.0,17.0,0.0,36.0,0.321,35.0,66.0,75.0,0.06546728884707283,0.004547783606761074,0.0005338032372454521,0.6534653465346535,0.05506571889273634,0.0007537688442211056,0.0,0.0,10027.65275,10132.18726,Sub-Saharan Africa,Lower middle income,9.213101830637136,9.223472492987886,0.0,0.0,0.0,0.0,4.0,104.53451000000132,0.010370662350750237,-0.010401569954336484,-0.0037940147625399687,-0.0005338032372454521,-0.6534653465346535
SYC,Seychelles,53.0,0.0,0.0,1.0,1.0,53.0,0.0,0.0,1.0,1.0,23.0,156.0,0.10003918911294243,0.011061141448769768,0.017041169051195185,1.0,0.05506571889273634,0.0007537688442211056,0.0,0.0,34346.07089,29468.95128,Sub-Saharan Africa,High income,10.444242906537484,10.291092489078862,0.0,0.0,0.0,0.0,0.0,-4877.119610000002,-0.15315041745862246,-0.04497347022020609,-0.010307372604548662,-0.017041169051195185,-1.0
TCD,Chad,13.0,1.0,39.0,0.26,39.0,14.0,1.0,38.0,0.279,38.0,86.0,52.0,0.0376323733046175,0.0018911219560892546,0.00010872130932723154,0.5196850393700787,0.055627748351574,0.0007935004437277674,6.092287970918112e-06,0.29954614220877457,1868.019489,1679.461532,Sub-Saharan Africa,Low income,7.532634051817875,7.426228504354193,1.0,0.0,-1.0,0.019000000000000017,-1.0,-188.557957,-0.10640554746368203,0.017995375046956495,-0.0010976215123614872,-0.00010262902135631343,-0.22013889716130414
TGO,Togo,14.0,38.0,1.0,0.838,9.0,15.0,37.0,1.0,0.842,9.0,80.0,60.0,0.09954240287665789,0.010821357718880967,0.003970429621055146,0.9949748743718593,0.12147842184097578,0.026136329675227273,0.010479987345730577,0.99,2501.030875,2767.516558,Sub-Saharan Africa,Low income,7.824458275863394,7.925705647582057,1.0,-1.0,0.0,0.0040000000000000036,0.0,266.4856829999999,0.10124737171866283,0.02193601896431789,0.015314971956346306,0.006509557724675432,-0.004974874371859284
THA,Thailand,,,,,,,,,,,62.0,80.0,0.059576656944799765,0.0033802707391573355,0.0008516810797359374,0.6305732484076433,0.059356951203430604,0.001496170860668339,0.0014105698243195037,0.4429530201342282,21277.08251,21142.66433,East Asia & Pacific,Upper middle income,9.965385833962518,9.959048284122328,,,,,,-134.41818000000058,-0.006337549840189638,-0.0002197057413691611,-0.0018840998784889966,0.0005588887445835663,-0.18762022827341507
TJK,Tajikistan,,,,,,,,,,,85.0,55.0,0.058763431091669906,0.0030836321566285406,0.0004281197836588064,0.6305732484076433,0.0642895821327189,0.0018832799605258128,0.002728662087315325,0.4841075794621027,3649.883755,4472.324138,Europe & Central Asia,Lower middle income,8.202450598124175,8.405663493871952,,,,,,822.4403830000001,0.203212895747777,0.0055261510410489975,-0.0012003521961027278,0.0023005423036565184,-0.14646566894554058
TKM,Turkmenistan,,,,,,,,,,,90.0,48.0,0.033293608720253894,0.0007788434655256227,9.238396259940924e-07,0.3967935871743487,0.05506571889273634,0.0007537688442211056,0.0,0.0,15231.30562,17866.40418,Europe & Central Asia,Upper middle income,9.631108169069762,9.790677366864953,,,,,,2635.098560000002,0.1595691977951912,0.02177211017248245,-2.5074621304517096e-05,-9.238396259940924e-07,-0.3967935871743487
TLS,Timor-Leste,,,,,,,,,,,52.0,96.0,0.10003918911294243,0.011033089756913734,0.007627256019322104,1.0,0.11172029876471219,0.02560089886681573,0.004013254119547497,0.8608695652173913,5103.283422,4328.50782,East Asia & Pacific,Lower middle income,8.537639419792097,8.37297814728467,,,,,,-774.7756020000006,-0.16466127250742701,0.011681109651769758,0.014567809109901996,-0.0036140018997746068,-0.13913043478260867
TTO,Trinidad and Tobago,,,,,,,,,,,27.0,150.0,0.06861894404955195,0.004725792529844473,0.0021595747326560513,0.6757679180887372,0.07042206427618898,0.007630468222219838,0.022282085016023023,0.5641025641025641,34349.12876,31705.83338,Latin America & Caribbean,High income,10.444331933718935,10.364255961232612,,,,,,-2643.2953799999996,-0.08007597248632337,0.0018031202266370339,0.0029046756923753643,0.020122510283366972,-0.11166535398617305
TUN,Tunisia,21.0,0.0,32.0,0.396,27.0,20.0,0.0,33.0,0.377,30.0,74.0,67.0,0.06439344146499176,0.004324264305320776,0.003411973102183533,0.66,0.057127218690207926,0.0018781842346863842,0.006883062041478378,0.5038167938931297,13175.77878,12552.98669,Middle East & North Africa,Lower middle income,9.486135482099042,9.437713899513337,-1.0,0.0,1.0,-0.019000000000000017,3.0,-622.7920900000008,-0.04842158258570528,-0.007266222774783837,-0.0024460800706343918,0.003471088939294845,-0.1561832061068703
TUR,Türkiye,,,,,,,,,,,47.0,114.0,0.07481849137884371,0.0052520892421330815,0.007897186285505599,0.7252747252747253,0.06216993262964044,0.0029645071269505754,0.013357457850737458,0.528,28106.65003,34251.579,Europe & Central Asia,Upper middle income,10.24376148319514,10.44148794481748,,,,,,6144.928969999997,0.19772646162233976,-0.012648558749203266,-0.002287582115182506,0.005460271565231859,-0.19727472527472523
TUV,Tuvalu,,,,,,,,,,,42.0,127.0,0.10003918911294264,0.011052130840932808,0.010815874738060725,1.0,0.11238872564307749,0.026386887444148455,0.12111019507965642,0.8646288209606987,5292.024837,5812.39329,East Asia & Pacific,Upper middle income,8.57395621853449,8.66774769101741,,,,,,520.368453,0.09379147248291986,0.012349536530134847,0.015334756603215647,0.1102943203415957,-0.1353711790393013
TZA,Tanzania,16.0,25.0,12.0,0.679,19.0,19.0,22.0,12.0,0.691,20.0,70.0,71.0,0.09085457247508183,0.00869914125357005,0.003844505198761782,0.8722466960352423,0.09725237575166448,0.014082995341434278,0.0026333044417576174,0.7333333333333333,3484.632568,3620.793457,Sub-Saharan Africa,Lower middle income,8.156117885211557,8.194448467818427,3.0,-3.0,0.0,0.0119999999999999,1.0,136.16088900000022,0.03833058260686961,0.006397803276582653,0.0053838540878642285,-0.0012112007570041646,-0.13891336270190902
UGA,Uganda,18.0,34.0,1.0,0.853,5.0,20.0,0.0,33.0,0.377,30.0,72.0,69.0,0.09954148170442047,0.01076745968843946,0.0064679242563763645,0.9949748743718593,0.05506571889273634,0.0007537688442211056,0.0,0.0,2689.410091,2791.055769,Sub-Saharan Africa,Low income,7.897077151520754,7.93417521506367,2.0,-34.0,32.0,-0.476,25.0,101.64567799999986,0.037098063542916115,-0.044475762811684125,-0.010013690844218354,-0.0064679242563763645,-0.9949748743718593
UKR,Ukraine,,,,,,,,,,,30.0,147.0,0.05590441373442406,0.0024657780118329843,0.0009710424816637103,0.6092307692307692,0.056528754163283755,0.0008880841778064523,0.00021763619623427745,0.3431542461005199,17636.55469,15885.22559,Europe & Central Asia,Upper middle income,9.777728998126562,9.673144748050683,,,,,,-1751.3291000000008,-0.10458425007587913,0.0006243404288596918,-0.001577693834026532,-0.0007534062854294329,-0.2660765231302493
URY,Uruguay,,,,,,,,,,,23.0,156.0,0.060899515569072325,0.0029852124453231014,0.0008016610121319396,0.6346153846153846,0.05506571889273634,0.0007537688442211056,0.0,0.0,30108.07505,31019.31139,Latin America & Caribbean,High income,10.312548688844288,10.342365237580198,,,,,,911.2363399999995,0.02981654873591033,-0.0058337966763359825,-0.002231443601101996,-0.0008016610121319396,-0.6346153846153846
USA,United States,,,,,,,,,,,10.0,182.0,0.034832455977611025,0.0009837199849830793,0.00530754306183467,0.5063938618925832,0.056552214628918164,0.0015432589882386182,0.0007496582175965967,0.47030878859857483,69511.76344,74577.50654,North America,High income,11.14925127535984,11.219594219813754,,,,,,5065.743100000007,0.07034294445391431,0.02171975865130714,0.0005595390032555388,-0.0045578848442380734,-0.03608507329400834
UZB,Uzbekistan,,,,,,,,,,,79.0,61.0,0.07994786617804067,0.006222362681465502,0.001171266163337113,0.7704280155642024,0.05735212637402851,0.0009299861687614528,0.00025573246222123746,0.34494773519163763,8755.12594,10007.6855,Europe & Central Asia,Lower middle income,9.077394629539391,9.211108626792864,,,,,,1252.5595599999997,0.13371399725347288,-0.02259573980401216,-0.005292376512704049,-0.0009155337011158755,-0.42548028037256475
VCT,St. Vincent and the Grenadines,,,,,,,,,,,23.0,156.0,0.0974397861429345,0.010410155582339927,0.012390740124347257,0.9611650485436893,0.05657503314549409,0.0011416848070746172,0.0001253242116108022,0.3707865168539326,16186.34525,18335.21208,Latin America & Caribbean,Upper middle income,9.69192327999003,9.816578647386988,,,,,,2148.866830000001,0.12465536739695793,-0.040864752997440405,-0.00926847077526531,-0.012265415912736456,-0.5903785316897567
VNM,Vietnam,,,,,,,,,,,87.0,51.0,0.06164009899572055,0.003498546872024808,0.00030415933773224514,0.6407766990291263,0.05506571889273634,0.0007537688442211056,0.0,0.0,11628.61391,13491.87942,East Asia & Pacific,Lower middle income,9.361224056122749,9.509843258993664,,,,,,1863.2655099999993,0.1486192028709148,-0.006574380102984209,-0.0027447780278037027,-0.00030415933773224514,-0.6407766990291263
VUT,Vanuatu,,,,,,,,,,,55.0,91.0,0.07467428414850717,0.005808726270233086,0.0034816871197727067,0.72,0.05506571889273634,0.0007537688442211056,0.0,0.0,3512.071972,3118.396033,East Asia & Pacific,Lower middle income,8.163961447711312,8.045074056625756,,,,,,-393.6759390000002,-0.1188873910855559,-0.01960856525577083,-0.005054957426011981,-0.0034816871197727067,-0.72
WSM,Samoa,,,,,,,,,,,40.0,129.0,0.10003918911294264,0.011052762766358998,0.01073519212449712,1.0,0.11321093375924905,0.025922026432347835,0.006822845740885095,0.8761061946902655,7033.521134,6304.346137,East Asia & Pacific,Lower middle income,8.858442731956156,8.748994537549388,,,,,,-729.1749969999992,-0.10944819440676845,0.01317174464630641,0.014869263665988838,-0.0039123463836120255,-0.12389380530973448
XKX,Kosovo,,,,,,,,,,,62.0,80.0,0.07011205321243975,0.004272252102408882,0.00019916011769749976,0.6898954703832753,0.05506571889273634,0.0007537688442211056,0.0,0.0,11774.11785,13642.67696,Europe & Central Asia,Upper middle income,9.373658998880734,9.520958170205875,,,,,,1868.5591100000001,0.14729917132514103,-0.015046334319703411,-0.003518483258187777,-0.00019916011769749976,-0.6898954703832753
ZAF,South Africa,15.0,0.0,38.0,0.283,35.0,19.0,0.0,34.0,0.358,32.0,49.0,104.0,0.06211781054838792,0.004236950172507404,0.0012770461728930488,0.6325878594249201,0.05506571889273634,0.0007537688442211056,0.0,0.0,14370.23804,13690.38946,Sub-Saharan Africa,Upper middle income,9.572914544001982,9.5244493663804,4.0,0.0,-4.0,0.07500000000000001,-3.0,-679.8485799999999,-0.048465177621581645,-0.007052091655651578,-0.0034831813282862984,-0.0012770461728930488,-0.6325878594249201
ZMB,Zambia,14.0,11.0,28.0,0.43,24.0,14.0,11.0,28.0,0.43,26.0,73.0,68.0,0.08005842069706194,0.006627172032916336,0.000921024434527454,0.7615384615384615,0.0744716037146818,0.008588326824520308,0.0010384330889703624,0.5857988165680473,3591.564189,3673.484197,Sub-Saharan Africa,Lower middle income,8.186343093831827,8.20889586315915,0.0,0.0,0.0,0.0,2.0,81.92000800000005,0.022552769327322864,-0.005586816982380144,0.001961154791603972,0.00011740865444290834,-0.17573964497041417
ZWE,Zimbabwe,17.0,10.0,26.0,0.472,21.0,17.0,10.0,26.0,0.472,24.0,77.0,64.0,0.0823192304494974,0.007054496793050147,0.001469101073967452,0.782608695652174,0.0882653020637474,0.008839042199811346,0.003826557134582724,0.673469387755102,3294.806084,3442.251327,Sub-Saharan Africa,Lower middle income,8.100102593611462,8.143880991828075,0.0,0.0,0.0,0.0,3.0,147.44524300000012,0.04377839821661311,0.005946071614249995,0.0017845454067611996,0.002357456060615272,-0.10913930789707194
